{
    "normal": {
        "Super Effective (x4)": 0.0,
        "Super Effective (x2)": 0.0,
        "Resisted (x1/2)": 0.18628399893391687,
        "Resisted (x1/4)": 0.0017393987852263322,
        "Immune": 0.09975202657103091,
        "Neutral": 0.7122245757098259
    },
    "fire": {
        "Super Effective (x4)": 0.07379352588290854,
        "Super Effective (x2)": 0.21874030744964548,
        "Resisted (x1/2)": 0.2576180523409409,
        "Resisted (x1/4)": 0.013829467223398966,
        "Immune": 0.0,
        "Neutral": 0.4360186471031061
    },
    "water": {
        "Super Effective (x4)": 0.045599991271834055,
        "Super Effective (x2)": 0.1773625664548528,
        "Resisted (x1/2)": 0.30510550949889415,
        "Resisted (x1/4)": 0.004320442143949277,
        "Immune": 0.0,
        "Neutral": 0.4676114906304697
    },
    "electric": {
        "Super Effective (x4)": 0.05961493202161468,
        "Super Effective (x2)": 0.2245320689961518,
        "Resisted (x1/2)": 0.1898718985787117,
        "Resisted (x1/4)": 0.0014541747908747025,
        "Immune": 0.15341621973781214,
        "Neutral": 0.37111070587483497
    },
    "grass": {
        "Super Effective (x4)": 0.05502485189393408,
        "Super Effective (x2)": 0.1461843108099894,
        "Resisted (x1/2)": 0.2707103012619993,
        "Resisted (x1/4)": 0.08225828825079762,
        "Immune": 0.0,
        "Neutral": 0.4458222477832796
    },
    "ice": {
        "Super Effective (x4)": 0.09357217336007893,
        "Super Effective (x2)": 0.24208815135886633,
        "Resisted (x1/2)": 0.23374028407062958,
        "Resisted (x1/4)": 0.007930162203612525,
        "Immune": 0.0,
        "Neutral": 0.42266922900681264
    },
    "fighting": {
        "Super Effective (x4)": 0.06983156198322633,
        "Super Effective (x2)": 0.19480954674322515,
        "Resisted (x1/2)": 0.21809816381208882,
        "Resisted (x1/4)": 0.030685737709261675,
        "Immune": 0.09975202657103091,
        "Neutral": 0.3868229631811671
    },
    "poison": {
        "Super Effective (x4)": 0.024802018700095543,
        "Super Effective (x2)": 0.15264938801529299,
        "Resisted (x1/2)": 0.2283257039811347,
        "Resisted (x1/4)": 0.011507151640973129,
        "Immune": 0.11155842961591395,
        "Neutral": 0.47115730804658973
    },
    "ground": {
        "Super Effective (x4)": 0.07481129237641462,
        "Super Effective (x2)": 0.23187619720044078,
        "Resisted (x1/2)": 0.12269931000730984,
        "Resisted (x1/4)": 0.002149310864540423,
        "Immune": 0.2297253277348383,
        "Neutral": 0.338738561816456
    },
    "flying": {
        "Super Effective (x4)": 0.07027420468484308,
        "Super Effective (x2)": 0.27823210998735975,
        "Resisted (x1/2)": 0.1719822755887226,
        "Resisted (x1/4)": 0.003926116075255494,
        "Immune": 0.0,
        "Neutral": 0.4755852936638191
    },
    "psychic": {
        "Super Effective (x4)": 0.022256823165799307,
        "Super Effective (x2)": 0.16807953852939755,
        "Resisted (x1/2)": 0.17729087080599937,
        "Resisted (x1/4)": 0.00236751501322473,
        "Immune": 0.12094744241358726,
        "Neutral": 0.5090578100719918
    },
    "bug": {
        "Super Effective (x4)": 0.03715549071775138,
        "Super Effective (x2)": 0.15837257111506997,
        "Resisted (x1/2)": 0.30171399358791523,
        "Resisted (x1/4)": 0.03752332056839063,
        "Immune": 0.0,
        "Neutral": 0.4652346240108728
    },
    "rock": {
        "Super Effective (x4)": 0.09589916474569085,
        "Super Effective (x2)": 0.2846379603523062,
        "Resisted (x1/2)": 0.17554212041440084,
        "Resisted (x1/4)": 0.0023379015930461455,
        "Immune": 0.0,
        "Neutral": 0.44158285289455596
    },
    "ghost": {
        "Super Effective (x4)": 0.022892732399107857,
        "Super Effective (x2)": 0.18739372289008277,
        "Resisted (x1/2)": 0.0701744542168731,
        "Resisted (x1/4)": 0.0,
        "Immune": 0.2536420610317004,
        "Neutral": 0.4658970294622359
    },
    "dragon": {
        "Super Effective (x4)": 0.002881853363694882,
        "Super Effective (x2)": 0.08967255350287796,
        "Resisted (x1/2)": 0.0875871452818808,
        "Resisted (x1/4)": 0.0,
        "Immune": 0.11391035861851836,
        "Neutral": 0.705948089233028
    },
    "dark": {
        "Super Effective (x4)": 0.020681077492086204,
        "Super Effective (x2)": 0.18442926367010026,
        "Resisted (x1/2)": 0.22831946957688656,
        "Resisted (x1/4)": 0.0012297362379422726,
        "Immune": 0.0,
        "Neutral": 0.5653404530229846
    },
    "steel": {
        "Super Effective (x4)": 0.021826649272678814,
        "Super Effective (x2)": 0.1459972786825457,
        "Resisted (x1/2)": 0.3317388844468759,
        "Resisted (x1/4)": 0.008212268995840094,
        "Immune": 0.0,
        "Neutral": 0.4922249186020595
    },
    "fairy": {
        "Super Effective (x4)": 0.03288180660566302,
        "Super Effective (x2)": 0.1827896153528439,
        "Resisted (x1/2)": 0.24092855216871545,
        "Resisted (x1/4)": 0.002730669060677898,
        "Immune": 0.0,
        "Neutral": 0.5406693568120997
    }
}